{"bow_log_reg_sklearn_train": 0.9977685523449276, "bow_log_reg_sklearn_test": 0.9632912603519866, "bow_nn_torch_train": 0.9999547971956949, "bow_nn_torch_test": 0.9537876012094578, "bow_k_vary": [0.8852245879591324, 0.9139447524384318, 0.9448444198484154, 0.9557549815113004, 0.960213253369662, 0.9624888692700524, 0.9643045780868952, 0.9665073481844542, 0.97035295422348], "tf_idf_nn_torch_train": 0.9870156547570101, "tf_idf_nn_torch_test": 0.9648563578620734, "tf_idf_k_vary": [0.885951958736658, 0.8972902448597501, 0.9237294659097952, 0.9334696020988288, 0.9420539906996568, 0.9467394979728209, 0.9478088091233389, 0.9527628673412696, 0.9568971384646497], "bow_nb_sklearn_train": 0.9594684727270802, "bow_nb_sklearn_test": 0.9272227592033062, "tf_idf_nb_sklearn_train": 0.9911642142542396, "tf_idf_nb_sklearn_test": 0.9719724142729934, "emb_nn_torch_train": 0.986315428053726, "emb_nn_torch_test": 0.9746878231173437}